media,wet_biomass,wet_g_l
BHI,0.016955,16.955
liver,0.011925,11.925
GAM,0.020345,20.345
LB,0.00954,9.54
GMM,0.01158,11.58
RCM,0.015675,15.675
BB,0.008335,8.335
TB,0.01825,18.25
MRS,0.02323,23.23
BG,0.012875,12.875
